{"ContentRoots":["C:\\Users\\tenzi\\source\\repos\\SportsStore\\SportsStore.Web\\wwwroot\\","C:\\Users\\tenzi\\source\\repos\\SportsStore\\SportsStore.Web\\obj\\Release\\net6.0\\scopedcss\\bundle\\"],"Root":{"Children":{"css":{"Children":{"site.css":{"Children":null,"Asset":{"ContentRootIndex":0,"SubPath":"css/site.css"},"Patterns":null}},"Asset":null,"Patterns":null},"favicon.ico":{"Children":null,"Asset":{"ContentRootIndex":0,"SubPath":"favicon.ico"},"Patterns":null},"js":{"Children":{"site.js":{"Children":null,"Asset":{"ContentRootIndex":0,"SubPath":"js/site.js"},"Patterns":null}},"Asset":null,"Patterns":null},"lib":{"Children":{"bootstrap":{"Children":{"css":{"Children":{"bootstrap-grid.css":{"Children":null,"Asset":{"ContentRootIndex":0,"SubPath":"lib/bootstrap/css/bootstrap-grid.css"},"Patterns":null},"bootstrap-grid.css.map":{"Children":null,"Asset":{"ContentRootIndex":0,"SubPath":"lib/bootstrap/css/bootstrap-grid.css.map"},"Patterns":null},"bootstrap-grid.min.css":{"Children":null,"Asset":{"ContentRootIndex":0,"SubPath":"lib/bootstrap/css/bootstrap-grid.min.css"},"Patterns":null},"bootstrap-grid.min.css.map":{"Children":null,"Asset":{"ContentRootIndex":0,"SubPath":"lib/bootstrap/css/bootstrap-grid.min.css.map"},"Patterns":null},"bootstrap-grid.rtl.css":{"Children":null,"Asset":{"ContentRootIndex":0,"SubPath":"lib/bootstrap/css/bootstrap-grid.rtl.css"},"Patterns":null},"bootstrap-grid.rtl.css.map":{"Children":null,"Asset":{"ContentRootIndex":0,"SubPath":"lib/bootstrap/css/bootstrap-grid.rtl.css.map"},"Patterns":null},"bootstrap-grid.rtl.min.css":{"Children":null,"Asset":{"ContentRootIndex":0,"SubPath":"lib/bootstrap/css/bootstrap-grid.rtl.min.css"},"Patterns":null},"bootstrap-grid.rtl.min.css.map":{"Children":null,"Asset":{"ContentRootIndex":0,"SubPath":"lib/bootstrap/css/bootstrap-grid.rtl.min.css.map"},"Patterns":null},"bootstrap-reboot.css":{"Children":null,"Asset":{"ContentRootIndex":0,"SubPath":"lib/bootstrap/css/bootstrap-reboot.css"},"Patterns":null},"bootstrap-reboot.css.map":{"Children":null,"Asset":{"ContentRootIndex":0,"SubPath":"lib/bootstrap/css/bootstrap-reboot.css.map"},"Patterns":null},"bootstrap-reboot.min.css":{"Children":null,"Asset":{"ContentRootIndex":0,"SubPath":"lib/bootstrap/css/bootstrap-reboot.min.css"},"Patterns":null},"bootstrap-reboot.min.css.map":{"Children":null,"Asset":{"ContentRootIndex":0,"SubPath":"lib/bootstrap/css/bootstrap-reboot.min.css.map"},"Patterns":null},"bootstrap-reboot.rtl.css":{"Children":null,"Asset":{"ContentRootIndex":0,"SubPath":"lib/bootstrap/css/bootstrap-reboot.rtl.css"},"Patterns":null},"bootstrap-reboot.rtl.css.map":{"Children":null,"Asset":{"ContentRootIndex":0,"SubPath":"lib/bootstrap/css/bootstrap-reboot.rtl.css.map"},"Patterns":null},"bootstrap-reboot.rtl.min.css":{"Children":null,"Asset":{"ContentRootIndex":0,"SubPath":"lib/bootstrap/css/bootstrap-reboot.rtl.min.css"},"Patterns":null},"bootstrap-reboot.rtl.min.css.map":{"Children":null,"Asset":{"ContentRootIndex":0,"SubPath":"lib/bootstrap/css/bootstrap-reboot.rtl.min.css.map"},"Patterns":null},"bootstrap-utilities.css":{"Children":null,"Asset":{"ContentRootIndex":0,"SubPath":"lib/bootstrap/css/bootstrap-utilities.css"},"Patterns":null},"bootstrap-utilities.css.map":{"Children":null,"Asset":{"ContentRootIndex":0,"SubPath":"lib/bootstrap/css/bootstrap-utilities.css.map"},"Patterns":null},"bootstrap-utilities.min.css":{"Children":null,"Asset":{"ContentRootIndex":0,"SubPath":"lib/bootstrap/css/bootstrap-utilities.min.css"},"Patterns":null},"bootstrap-utilities.min.css.map":{"Children":null,"Asset":{"ContentRootIndex":0,"SubPath":"lib/bootstrap/css/bootstrap-utilities.min.css.map"},"Patterns":null},"bootstrap-utilities.rtl.css":{"Children":null,"Asset":{"ContentRootIndex":0,"SubPath":"lib/bootstrap/css/bootstrap-utilities.rtl.css"},"Patterns":null},"bootstrap-utilities.rtl.css.map":{"Children":null,"Asset":{"ContentRootIndex":0,"SubPath":"lib/bootstrap/css/bootstrap-utilities.rtl.css.map"},"Patterns":null},"bootstrap-utilities.rtl.min.css":{"Children":null,"Asset":{"ContentRootIndex":0,"SubPath":"lib/bootstrap/css/bootstrap-utilities.rtl.min.css"},"Patterns":null},"bootstrap-utilities.rtl.min.css.map":{"Children":null,"Asset":{"ContentRootIndex":0,"SubPath":"lib/bootstrap/css/bootstrap-utilities.rtl.min.css.map"},"Patterns":null},"bootstrap.css":{"Children":null,"Asset":{"ContentRootIndex":0,"SubPath":"lib/bootstrap/css/bootstrap.css"},"Patterns":null},"bootstrap.css.map":{"Children":null,"Asset":{"ContentRootIndex":0,"SubPath":"lib/bootstrap/css/bootstrap.css.map"},"Patterns":null},"bootstrap.min.css":{"Children":null,"Asset":{"ContentRootIndex":0,"SubPath":"lib/bootstrap/css/bootstrap.min.css"},"Patterns":null},"bootstrap.min.css.map":{"Children":null,"Asset":{"ContentRootIndex":0,"SubPath":"lib/bootstrap/css/bootstrap.min.css.map"},"Patterns":null},"bootstrap.rtl.css":{"Children":null,"Asset":{"ContentRootIndex":0,"SubPath":"lib/bootstrap/css/bootstrap.rtl.css"},"Patterns":null},"bootstrap.rtl.css.map":{"Children":null,"Asset":{"ContentRootIndex":0,"SubPath":"lib/bootstrap/css/bootstrap.rtl.css.map"},"Patterns":null},"bootstrap.rtl.min.css":{"Children":null,"Asset":{"ContentRootIndex":0,"SubPath":"lib/bootstrap/css/bootstrap.rtl.min.css"},"Patterns":null},"bootstrap.rtl.min.css.map":{"Children":null,"Asset":{"ContentRootIndex":0,"SubPath":"lib/bootstrap/css/bootstrap.rtl.min.css.map"},"Patterns":null}},"Asset":null,"Patterns":null},"dist":{"Children":{"css":{"Children":{"bootstrap-grid.css":{"Children":null,"Asset":{"ContentRootIndex":0,"SubPath":"lib/bootstrap/dist/css/bootstrap-grid.css"},"Patterns":null},"bootstrap-grid.css.map":{"Children":null,"Asset":{"ContentRootIndex":0,"SubPath":"lib/bootstrap/dist/css/bootstrap-grid.css.map"},"Patterns":null},"bootstrap-grid.min.css":{"Children":null,"Asset":{"ContentRootIndex":0,"SubPath":"lib/bootstrap/dist/css/bootstrap-grid.min.css"},"Patterns":null},"bootstrap-grid.min.css.map":{"Children":null,"Asset":{"ContentRootIndex":0,"SubPath":"lib/bootstrap/dist/css/bootstrap-grid.min.css.map"},"Patterns":null},"bootstrap-grid.rtl.css":{"Children":null,"Asset":{"ContentRootIndex":0,"SubPath":"lib/bootstrap/dist/css/bootstrap-grid.rtl.css"},"Patterns":null},"bootstrap-grid.rtl.css.map":{"Children":null,"Asset":{"ContentRootIndex":0,"SubPath":"lib/bootstrap/dist/css/bootstrap-grid.rtl.css.map"},"Patterns":null},"bootstrap-grid.rtl.min.css":{"Children":null,"Asset":{"ContentRootIndex":0,"SubPath":"lib/bootstrap/dist/css/bootstrap-grid.rtl.min.css"},"Patterns":null},"bootstrap-grid.rtl.min.css.map":{"Children":null,"Asset":{"ContentRootIndex":0,"SubPath":"lib/bootstrap/dist/css/bootstrap-grid.rtl.min.css.map"},"Patterns":null},"bootstrap-reboot.css":{"Children":null,"Asset":{"ContentRootIndex":0,"SubPath":"lib/bootstrap/dist/css/bootstrap-reboot.css"},"Patterns":null},"bootstrap-reboot.css.map":{"Children":null,"Asset":{"ContentRootIndex":0,"SubPath":"lib/bootstrap/dist/css/bootstrap-reboot.css.map"},"Patterns":null},"bootstrap-reboot.min.css":{"Children":null,"Asset":{"ContentRootIndex":0,"SubPath":"lib/bootstrap/dist/css/bootstrap-reboot.min.css"},"Patterns":null},"bootstrap-reboot.min.css.map":{"Children":null,"Asset":{"ContentRootIndex":0,"SubPath":"lib/bootstrap/dist/css/bootstrap-reboot.min.css.map"},"Patterns":null},"bootstrap-reboot.rtl.css":{"Children":null,"Asset":{"ContentRootIndex":0,"SubPath":"lib/bootstrap/dist/css/bootstrap-reboot.rtl.css"},"Patterns":null},"bootstrap-reboot.rtl.css.map":{"Children":null,"Asset":{"ContentRootIndex":0,"SubPath":"lib/bootstrap/dist/css/bootstrap-reboot.rtl.css.map"},"Patterns":null},"bootstrap-reboot.rtl.min.css":{"Children":null,"Asset":{"ContentRootIndex":0,"SubPath":"lib/bootstrap/dist/css/bootstrap-reboot.rtl.min.css"},"Patterns":null},"bootstrap-reboot.rtl.min.css.map":{"Children":null,"Asset":{"ContentRootIndex":0,"SubPath":"lib/bootstrap/dist/css/bootstrap-reboot.rtl.min.css.map"},"Patterns":null},"bootstrap-utilities.css":{"Children":null,"Asset":{"ContentRootIndex":0,"SubPath":"lib/bootstrap/dist/css/bootstrap-utilities.css"},"Patterns":null},"bootstrap-utilities.css.map":{"Children":null,"Asset":{"ContentRootIndex":0,"SubPath":"lib/bootstrap/dist/css/bootstrap-utilities.css.map"},"Patterns":null},"bootstrap-utilities.min.css":{"Children":null,"Asset":{"ContentRootIndex":0,"SubPath":"lib/bootstrap/dist/css/bootstrap-utilities.min.css"},"Patterns":null},"bootstrap-utilities.min.css.map":{"Children":null,"Asset":{"ContentRootIndex":0,"SubPath":"lib/bootstrap/dist/css/bootstrap-utilities.min.css.map"},"Patterns":null},"bootstrap-utilities.rtl.css":{"Children":null,"Asset":{"ContentRootIndex":0,"SubPath":"lib/bootstrap/dist/css/bootstrap-utilities.rtl.css"},"Patterns":null},"bootstrap-utilities.rtl.css.map":{"Children":null,"Asset":{"ContentRootIndex":0,"SubPath":"lib/bootstrap/dist/css/bootstrap-utilities.rtl.css.map"},"Patterns":null},"bootstrap-utilities.rtl.min.css":{"Children":null,"Asset":{"ContentRootIndex":0,"SubPath":"lib/bootstrap/dist/css/bootstrap-utilities.rtl.min.css"},"Patterns":null},"bootstrap-utilities.rtl.min.css.map":{"Children":null,"Asset":{"ContentRootIndex":0,"SubPath":"lib/bootstrap/dist/css/bootstrap-utilities.rtl.min.css.map"},"Patterns":null},"bootstrap.css":{"Children":null,"Asset":{"ContentRootIndex":0,"SubPath":"lib/bootstrap/dist/css/bootstrap.css"},"Patterns":null},"bootstrap.css.map":{"Children":null,"Asset":{"ContentRootIndex":0,"SubPath":"lib/bootstrap/dist/css/bootstrap.css.map"},"Patterns":null},"bootstrap.min.css":{"Children":null,"Asset":{"ContentRootIndex":0,"SubPath":"lib/bootstrap/dist/css/bootstrap.min.css"},"Patterns":null},"bootstrap.min.css.map":{"Children":null,"Asset":{"ContentRootIndex":0,"SubPath":"lib/bootstrap/dist/css/bootstrap.min.css.map"},"Patterns":null},"bootstrap.rtl.css":{"Children":null,"Asset":{"ContentRootIndex":0,"SubPath":"lib/bootstrap/dist/css/bootstrap.rtl.css"},"Patterns":null},"bootstrap.rtl.css.map":{"Children":null,"Asset":{"ContentRootIndex":0,"SubPath":"lib/bootstrap/dist/css/bootstrap.rtl.css.map"},"Patterns":null},"bootstrap.rtl.min.css":{"Children":null,"Asset":{"ContentRootIndex":0,"SubPath":"lib/bootstrap/dist/css/bootstrap.rtl.min.css"},"Patterns":null},"bootstrap.rtl.min.css.map":{"Children":null,"Asset":{"ContentRootIndex":0,"SubPath":"lib/bootstrap/dist/css/bootstrap.rtl.min.css.map"},"Patterns":null}},"Asset":null,"Patterns":null},"js":{"Children":{"bootstrap.bundle.js":{"Children":null,"Asset":{"ContentRootIndex":0,"SubPath":"lib/bootstrap/dist/js/bootstrap.bundle.js"},"Patterns":null},"bootstrap.bundle.js.map":{"Children":null,"Asset":{"ContentRootIndex":0,"SubPath":"lib/bootstrap/dist/js/bootstrap.bundle.js.map"},"Patterns":null},"bootstrap.bundle.min.js":{"Children":null,"Asset":{"ContentRootIndex":0,"SubPath":"lib/bootstrap/dist/js/bootstrap.bundle.min.js"},"Patterns":null},"bootstrap.bundle.min.js.map":{"Children":null,"Asset":{"ContentRootIndex":0,"SubPath":"lib/bootstrap/dist/js/bootstrap.bundle.min.js.map"},"Patterns":null},"bootstrap.esm.js":{"Children":null,"Asset":{"ContentRootIndex":0,"SubPath":"lib/bootstrap/dist/js/bootstrap.esm.js"},"Patterns":null},"bootstrap.esm.js.map":{"Children":null,"Asset":{"ContentRootIndex":0,"SubPath":"lib/bootstrap/dist/js/bootstrap.esm.js.map"},"Patterns":null},"bootstrap.esm.min.js":{"Children":null,"Asset":{"ContentRootIndex":0,"SubPath":"lib/bootstrap/dist/js/bootstrap.esm.min.js"},"Patterns":null},"bootstrap.esm.min.js.map":{"Children":null,"Asset":{"ContentRootIndex":0,"SubPath":"lib/bootstrap/dist/js/bootstrap.esm.min.js.map"},"Patterns":null},"bootstrap.js":{"Children":null,"Asset":{"ContentRootIndex":0,"SubPath":"lib/bootstrap/dist/js/bootstrap.js"},"Patterns":null},"bootstrap.js.map":{"Children":null,"Asset":{"ContentRootIndex":0,"SubPath":"lib/bootstrap/dist/js/bootstrap.js.map"},"Patterns":null},"bootstrap.min.js":{"Children":null,"Asset":{"ContentRootIndex":0,"SubPath":"lib/bootstrap/dist/js/bootstrap.min.js"},"Patterns":null},"bootstrap.min.js.map":{"Children":null,"Asset":{"ContentRootIndex":0,"SubPath":"lib/bootstrap/dist/js/bootstrap.min.js.map"},"Patterns":null}},"Asset":null,"Patterns":null}},"Asset":null,"Patterns":null},"js":{"Children":{"bootstrap.bundle.js":{"Children":null,"Asset":{"ContentRootIndex":0,"SubPath":"lib/bootstrap/js/bootstrap.bundle.js"},"Patterns":null},"bootstrap.bundle.js.map":{"Children":null,"Asset":{"ContentRootIndex":0,"SubPath":"lib/bootstrap/js/bootstrap.bundle.js.map"},"Patterns":null},"bootstrap.bundle.min.js":{"Children":null,"Asset":{"ContentRootIndex":0,"SubPath":"lib/bootstrap/js/bootstrap.bundle.min.js"},"Patterns":null},"bootstrap.bundle.min.js.map":{"Children":null,"Asset":{"ContentRootIndex":0,"SubPath":"lib/bootstrap/js/bootstrap.bundle.min.js.map"},"Patterns":null},"bootstrap.esm.js":{"Children":null,"Asset":{"ContentRootIndex":0,"SubPath":"lib/bootstrap/js/bootstrap.esm.js"},"Patterns":null},"bootstrap.esm.js.map":{"Children":null,"Asset":{"ContentRootIndex":0,"SubPath":"lib/bootstrap/js/bootstrap.esm.js.map"},"Patterns":null},"bootstrap.esm.min.js":{"Children":null,"Asset":{"ContentRootIndex":0,"SubPath":"lib/bootstrap/js/bootstrap.esm.min.js"},"Patterns":null},"bootstrap.esm.min.js.map":{"Children":null,"Asset":{"ContentRootIndex":0,"SubPath":"lib/bootstrap/js/bootstrap.esm.min.js.map"},"Patterns":null},"bootstrap.js":{"Children":null,"Asset":{"ContentRootIndex":0,"SubPath":"lib/bootstrap/js/bootstrap.js"},"Patterns":null},"bootstrap.js.map":{"Children":null,"Asset":{"ContentRootIndex":0,"SubPath":"lib/bootstrap/js/bootstrap.js.map"},"Patterns":null},"bootstrap.min.js":{"Children":null,"Asset":{"ContentRootIndex":0,"SubPath":"lib/bootstrap/js/bootstrap.min.js"},"Patterns":null},"bootstrap.min.js.map":{"Children":null,"Asset":{"ContentRootIndex":0,"SubPath":"lib/bootstrap/js/bootstrap.min.js.map"},"Patterns":null}},"Asset":null,"Patterns":null},"LICENSE":{"Children":null,"Asset":{"ContentRootIndex":0,"SubPath":"lib/bootstrap/LICENSE"},"Patterns":null},"scss":{"Children":{"bootstrap-grid.scss":{"Children":null,"Asset":{"ContentRootIndex":0,"SubPath":"lib/bootstrap/scss/bootstrap-grid.scss"},"Patterns":null},"bootstrap-reboot.scss":{"Children":null,"Asset":{"ContentRootIndex":0,"SubPath":"lib/bootstrap/scss/bootstrap-reboot.scss"},"Patterns":null},"bootstrap-utilities.scss":{"Children":null,"Asset":{"ContentRootIndex":0,"SubPath":"lib/bootstrap/scss/bootstrap-utilities.scss"},"Patterns":null},"bootstrap.scss":{"Children":null,"Asset":{"ContentRootIndex":0,"SubPath":"lib/bootstrap/scss/bootstrap.scss"},"Patterns":null},"forms":{"Children":{"_floating-labels.scss":{"Children":null,"Asset":{"ContentRootIndex":0,"SubPath":"lib/bootstrap/scss/forms/_floating-labels.scss"},"Patterns":null},"_form-check.scss":{"Children":null,"Asset":{"ContentRootIndex":0,"SubPath":"lib/bootstrap/scss/forms/_form-check.scss"},"Patterns":null},"_form-control.scss":{"Children":null,"Asset":{"ContentRootIndex":0,"SubPath":"lib/bootstrap/scss/forms/_form-control.scss"},"Patterns":null},"_form-range.scss":{"Children":null,"Asset":{"ContentRootIndex":0,"SubPath":"lib/bootstrap/scss/forms/_form-range.scss"},"Patterns":null},"_form-select.scss":{"Children":null,"Asset":{"ContentRootIndex":0,"SubPath":"lib/bootstrap/scss/forms/_form-select.scss"},"Patterns":null},"_form-text.scss":{"Children":null,"Asset":{"ContentRootIndex":0,"SubPath":"lib/bootstrap/scss/forms/_form-text.scss"},"Patterns":null},"_input-group.scss":{"Children":null,"Asset":{"ContentRootIndex":0,"SubPath":"lib/bootstrap/scss/forms/_input-group.scss"},"Patterns":null},"_labels.scss":{"Children":null,"Asset":{"ContentRootIndex":0,"SubPath":"lib/bootstrap/scss/forms/_labels.scss"},"Patterns":null},"_validation.scss":{"Children":null,"Asset":{"ContentRootIndex":0,"SubPath":"lib/bootstrap/scss/forms/_validation.scss"},"Patterns":null}},"Asset":null,"Patterns":null},"helpers":{"Children":{"_clearfix.scss":{"Children":null,"Asset":{"ContentRootIndex":0,"SubPath":"lib/bootstrap/scss/helpers/_clearfix.scss"},"Patterns":null},"_colored-links.scss":{"Children":null,"Asset":{"ContentRootIndex":0,"SubPath":"lib/bootstrap/scss/helpers/_colored-links.scss"},"Patterns":null},"_position.scss":{"Children":null,"Asset":{"ContentRootIndex":0,"SubPath":"lib/bootstrap/scss/helpers/_position.scss"},"Patterns":null},"_ratio.scss":{"Children":null,"Asset":{"ContentRootIndex":0,"SubPath":"lib/bootstrap/scss/helpers/_ratio.scss"},"Patterns":null},"_stacks.scss":{"Children":null,"Asset":{"ContentRootIndex":0,"SubPath":"lib/bootstrap/scss/helpers/_stacks.scss"},"Patterns":null},"_stretched-link.scss":{"Children":null,"Asset":{"ContentRootIndex":0,"SubPath":"lib/bootstrap/scss/helpers/_stretched-link.scss"},"Patterns":null},"_text-truncation.scss":{"Children":null,"Asset":{"ContentRootIndex":0,"SubPath":"lib/bootstrap/scss/helpers/_text-truncation.scss"},"Patterns":null},"_visually-hidden.scss":{"Children":null,"Asset":{"ContentRootIndex":0,"SubPath":"lib/bootstrap/scss/helpers/_visually-hidden.scss"},"Patterns":null},"_vr.scss":{"Children":null,"Asset":{"ContentRootIndex":0,"SubPath":"lib/bootstrap/scss/helpers/_vr.scss"},"Patterns":null}},"Asset":null,"Patterns":null},"mixins":{"Children":{"_alert.scss":{"Children":null,"Asset":{"ContentRootIndex":0,"SubPath":"lib/bootstrap/scss/mixins/_alert.scss"},"Patterns":null},"_backdrop.scss":{"Children":null,"Asset":{"ContentRootIndex":0,"SubPath":"lib/bootstrap/scss/mixins/_backdrop.scss"},"Patterns":null},"_border-radius.scss":{"Children":null,"Asset":{"ContentRootIndex":0,"SubPath":"lib/bootstrap/scss/mixins/_border-radius.scss"},"Patterns":null},"_box-shadow.scss":{"Children":null,"Asset":{"ContentRootIndex":0,"SubPath":"lib/bootstrap/scss/mixins/_box-shadow.scss"},"Patterns":null},"_breakpoints.scss":{"Children":null,"Asset":{"ContentRootIndex":0,"SubPath":"lib/bootstrap/scss/mixins/_breakpoints.scss"},"Patterns":null},"_buttons.scss":{"Children":null,"Asset":{"ContentRootIndex":0,"SubPath":"lib/bootstrap/scss/mixins/_buttons.scss"},"Patterns":null},"_caret.scss":{"Children":null,"Asset":{"ContentRootIndex":0,"SubPath":"lib/bootstrap/scss/mixins/_caret.scss"},"Patterns":null},"_clearfix.scss":{"Children":null,"Asset":{"ContentRootIndex":0,"SubPath":"lib/bootstrap/scss/mixins/_clearfix.scss"},"Patterns":null},"_color-scheme.scss":{"Children":null,"Asset":{"ContentRootIndex":0,"SubPath":"lib/bootstrap/scss/mixins/_color-scheme.scss"},"Patterns":null},"_container.scss":{"Children":null,"Asset":{"ContentRootIndex":0,"SubPath":"lib/bootstrap/scss/mixins/_container.scss"},"Patterns":null},"_deprecate.scss":{"Children":null,"Asset":{"ContentRootIndex":0,"SubPath":"lib/bootstrap/scss/mixins/_deprecate.scss"},"Patterns":null},"_forms.scss":{"Children":null,"Asset":{"ContentRootIndex":0,"SubPath":"lib/bootstrap/scss/mixins/_forms.scss"},"Patterns":null},"_gradients.scss":{"Children":null,"Asset":{"ContentRootIndex":0,"SubPath":"lib/bootstrap/scss/mixins/_gradients.scss"},"Patterns":null},"_grid.scss":{"Children":null,"Asset":{"ContentRootIndex":0,"SubPath":"lib/bootstrap/scss/mixins/_grid.scss"},"Patterns":null},"_image.scss":{"Children":null,"Asset":{"ContentRootIndex":0,"SubPath":"lib/bootstrap/scss/mixins/_image.scss"},"Patterns":null},"_list-group.scss":{"Children":null,"Asset":{"ContentRootIndex":0,"SubPath":"lib/bootstrap/scss/mixins/_list-group.scss"},"Patterns":null},"_lists.scss":{"Children":null,"Asset":{"ContentRootIndex":0,"SubPath":"lib/bootstrap/scss/mixins/_lists.scss"},"Patterns":null},"_pagination.scss":{"Children":null,"Asset":{"ContentRootIndex":0,"SubPath":"lib/bootstrap/scss/mixins/_pagination.scss"},"Patterns":null},"_reset-text.scss":{"Children":null,"Asset":{"ContentRootIndex":0,"SubPath":"lib/bootstrap/scss/mixins/_reset-text.scss"},"Patterns":null},"_resize.scss":{"Children":null,"Asset":{"ContentRootIndex":0,"SubPath":"lib/bootstrap/scss/mixins/_resize.scss"},"Patterns":null},"_table-variants.scss":{"Children":null,"Asset":{"ContentRootIndex":0,"SubPath":"lib/bootstrap/scss/mixins/_table-variants.scss"},"Patterns":null},"_text-truncate.scss":{"Children":null,"Asset":{"ContentRootIndex":0,"SubPath":"lib/bootstrap/scss/mixins/_text-truncate.scss"},"Patterns":null},"_transition.scss":{"Children":null,"Asset":{"ContentRootIndex":0,"SubPath":"lib/bootstrap/scss/mixins/_transition.scss"},"Patterns":null},"_utilities.scss":{"Children":null,"Asset":{"ContentRootIndex":0,"SubPath":"lib/bootstrap/scss/mixins/_utilities.scss"},"Patterns":null},"_visually-hidden.scss":{"Children":null,"Asset":{"ContentRootIndex":0,"SubPath":"lib/bootstrap/scss/mixins/_visually-hidden.scss"},"Patterns":null}},"Asset":null,"Patterns":null},"utilities":{"Children":{"_api.scss":{"Children":null,"Asset":{"ContentRootIndex":0,"SubPath":"lib/bootstrap/scss/utilities/_api.scss"},"Patterns":null}},"Asset":null,"Patterns":null},"vendor":{"Children":{"_rfs.scss":{"Children":null,"Asset":{"ContentRootIndex":0,"SubPath":"lib/bootstrap/scss/vendor/_rfs.scss"},"Patterns":null}},"Asset":null,"Patterns":null},"_accordion.scss":{"Children":null,"Asset":{"ContentRootIndex":0,"SubPath":"lib/bootstrap/scss/_accordion.scss"},"Patterns":null},"_alert.scss":{"Children":null,"Asset":{"ContentRootIndex":0,"SubPath":"lib/bootstrap/scss/_alert.scss"},"Patterns":null},"_badge.scss":{"Children":null,"Asset":{"ContentRootIndex":0,"SubPath":"lib/bootstrap/scss/_badge.scss"},"Patterns":null},"_breadcrumb.scss":{"Children":null,"Asset":{"ContentRootIndex":0,"SubPath":"lib/bootstrap/scss/_breadcrumb.scss"},"Patterns":null},"_button-group.scss":{"Children":null,"Asset":{"ContentRootIndex":0,"SubPath":"lib/bootstrap/scss/_button-group.scss"},"Patterns":null},"_buttons.scss":{"Children":null,"Asset":{"ContentRootIndex":0,"SubPath":"lib/bootstrap/scss/_buttons.scss"},"Patterns":null},"_card.scss":{"Children":null,"Asset":{"ContentRootIndex":0,"SubPath":"lib/bootstrap/scss/_card.scss"},"Patterns":null},"_carousel.scss":{"Children":null,"Asset":{"ContentRootIndex":0,"SubPath":"lib/bootstrap/scss/_carousel.scss"},"Patterns":null},"_close.scss":{"Children":null,"Asset":{"ContentRootIndex":0,"SubPath":"lib/bootstrap/scss/_close.scss"},"Patterns":null},"_containers.scss":{"Children":null,"Asset":{"ContentRootIndex":0,"SubPath":"lib/bootstrap/scss/_containers.scss"},"Patterns":null},"_dropdown.scss":{"Children":null,"Asset":{"ContentRootIndex":0,"SubPath":"lib/bootstrap/scss/_dropdown.scss"},"Patterns":null},"_forms.scss":{"Children":null,"Asset":{"ContentRootIndex":0,"SubPath":"lib/bootstrap/scss/_forms.scss"},"Patterns":null},"_functions.scss":{"Children":null,"Asset":{"ContentRootIndex":0,"SubPath":"lib/bootstrap/scss/_functions.scss"},"Patterns":null},"_grid.scss":{"Children":null,"Asset":{"ContentRootIndex":0,"SubPath":"lib/bootstrap/scss/_grid.scss"},"Patterns":null},"_helpers.scss":{"Children":null,"Asset":{"ContentRootIndex":0,"SubPath":"lib/bootstrap/scss/_helpers.scss"},"Patterns":null},"_images.scss":{"Children":null,"Asset":{"ContentRootIndex":0,"SubPath":"lib/bootstrap/scss/_images.scss"},"Patterns":null},"_list-group.scss":{"Children":null,"Asset":{"ContentRootIndex":0,"SubPath":"lib/bootstrap/scss/_list-group.scss"},"Patterns":null},"_mixins.scss":{"Children":null,"Asset":{"ContentRootIndex":0,"SubPath":"lib/bootstrap/scss/_mixins.scss"},"Patterns":null},"_modal.scss":{"Children":null,"Asset":{"ContentRootIndex":0,"SubPath":"lib/bootstrap/scss/_modal.scss"},"Patterns":null},"_nav.scss":{"Children":null,"Asset":{"ContentRootIndex":0,"SubPath":"lib/bootstrap/scss/_nav.scss"},"Patterns":null},"_navbar.scss":{"Children":null,"Asset":{"ContentRootIndex":0,"SubPath":"lib/bootstrap/scss/_navbar.scss"},"Patterns":null},"_offcanvas.scss":{"Children":null,"Asset":{"ContentRootIndex":0,"SubPath":"lib/bootstrap/scss/_offcanvas.scss"},"Patterns":null},"_pagination.scss":{"Children":null,"Asset":{"ContentRootIndex":0,"SubPath":"lib/bootstrap/scss/_pagination.scss"},"Patterns":null},"_placeholders.scss":{"Children":null,"Asset":{"ContentRootIndex":0,"SubPath":"lib/bootstrap/scss/_placeholders.scss"},"Patterns":null},"_popover.scss":{"Children":null,"Asset":{"ContentRootIndex":0,"SubPath":"lib/bootstrap/scss/_popover.scss"},"Patterns":null},"_progress.scss":{"Children":null,"Asset":{"ContentRootIndex":0,"SubPath":"lib/bootstrap/scss/_progress.scss"},"Patterns":null},"_reboot.scss":{"Children":null,"Asset":{"ContentRootIndex":0,"SubPath":"lib/bootstrap/scss/_reboot.scss"},"Patterns":null},"_root.scss":{"Children":null,"Asset":{"ContentRootIndex":0,"SubPath":"lib/bootstrap/scss/_root.scss"},"Patterns":null},"_spinners.scss":{"Children":null,"Asset":{"ContentRootIndex":0,"SubPath":"lib/bootstrap/scss/_spinners.scss"},"Patterns":null},"_tables.scss":{"Children":null,"Asset":{"ContentRootIndex":0,"SubPath":"lib/bootstrap/scss/_tables.scss"},"Patterns":null},"_toasts.scss":{"Children":null,"Asset":{"ContentRootIndex":0,"SubPath":"lib/bootstrap/scss/_toasts.scss"},"Patterns":null},"_tooltip.scss":{"Children":null,"Asset":{"ContentRootIndex":0,"SubPath":"lib/bootstrap/scss/_tooltip.scss"},"Patterns":null},"_transitions.scss":{"Children":null,"Asset":{"ContentRootIndex":0,"SubPath":"lib/bootstrap/scss/_transitions.scss"},"Patterns":null},"_type.scss":{"Children":null,"Asset":{"ContentRootIndex":0,"SubPath":"lib/bootstrap/scss/_type.scss"},"Patterns":null},"_utilities.scss":{"Children":null,"Asset":{"ContentRootIndex":0,"SubPath":"lib/bootstrap/scss/_utilities.scss"},"Patterns":null},"_variables.scss":{"Children":null,"Asset":{"ContentRootIndex":0,"SubPath":"lib/bootstrap/scss/_variables.scss"},"Patterns":null}},"Asset":null,"Patterns":null}},"Asset":null,"Patterns":null},"font-awesome":{"Children":{"css":{"Children":{"all.css":{"Children":null,"Asset":{"ContentRootIndex":0,"SubPath":"lib/font-awesome/css/all.css"},"Patterns":null},"all.min.css":{"Children":null,"Asset":{"ContentRootIndex":0,"SubPath":"lib/font-awesome/css/all.min.css"},"Patterns":null},"brands.css":{"Children":null,"Asset":{"ContentRootIndex":0,"SubPath":"lib/font-awesome/css/brands.css"},"Patterns":null},"brands.min.css":{"Children":null,"Asset":{"ContentRootIndex":0,"SubPath":"lib/font-awesome/css/brands.min.css"},"Patterns":null},"fontawesome.css":{"Children":null,"Asset":{"ContentRootIndex":0,"SubPath":"lib/font-awesome/css/fontawesome.css"},"Patterns":null},"fontawesome.min.css":{"Children":null,"Asset":{"ContentRootIndex":0,"SubPath":"lib/font-awesome/css/fontawesome.min.css"},"Patterns":null},"regular.css":{"Children":null,"Asset":{"ContentRootIndex":0,"SubPath":"lib/font-awesome/css/regular.css"},"Patterns":null},"regular.min.css":{"Children":null,"Asset":{"ContentRootIndex":0,"SubPath":"lib/font-awesome/css/regular.min.css"},"Patterns":null},"solid.css":{"Children":null,"Asset":{"ContentRootIndex":0,"SubPath":"lib/font-awesome/css/solid.css"},"Patterns":null},"solid.min.css":{"Children":null,"Asset":{"ContentRootIndex":0,"SubPath":"lib/font-awesome/css/solid.min.css"},"Patterns":null},"svg-with-js.css":{"Children":null,"Asset":{"ContentRootIndex":0,"SubPath":"lib/font-awesome/css/svg-with-js.css"},"Patterns":null},"svg-with-js.min.css":{"Children":null,"Asset":{"ContentRootIndex":0,"SubPath":"lib/font-awesome/css/svg-with-js.min.css"},"Patterns":null},"v4-shims.css":{"Children":null,"Asset":{"ContentRootIndex":0,"SubPath":"lib/font-awesome/css/v4-shims.css"},"Patterns":null},"v4-shims.min.css":{"Children":null,"Asset":{"ContentRootIndex":0,"SubPath":"lib/font-awesome/css/v4-shims.min.css"},"Patterns":null}},"Asset":null,"Patterns":null},"js":{"Children":{"all.js":{"Children":null,"Asset":{"ContentRootIndex":0,"SubPath":"lib/font-awesome/js/all.js"},"Patterns":null},"all.min.js":{"Children":null,"Asset":{"ContentRootIndex":0,"SubPath":"lib/font-awesome/js/all.min.js"},"Patterns":null},"brands.js":{"Children":null,"Asset":{"ContentRootIndex":0,"SubPath":"lib/font-awesome/js/brands.js"},"Patterns":null},"brands.min.js":{"Children":null,"Asset":{"ContentRootIndex":0,"SubPath":"lib/font-awesome/js/brands.min.js"},"Patterns":null},"conflict-detection.js":{"Children":null,"Asset":{"ContentRootIndex":0,"SubPath":"lib/font-awesome/js/conflict-detection.js"},"Patterns":null},"conflict-detection.min.js":{"Children":null,"Asset":{"ContentRootIndex":0,"SubPath":"lib/font-awesome/js/conflict-detection.min.js"},"Patterns":null},"fontawesome.js":{"Children":null,"Asset":{"ContentRootIndex":0,"SubPath":"lib/font-awesome/js/fontawesome.js"},"Patterns":null},"fontawesome.min.js":{"Children":null,"Asset":{"ContentRootIndex":0,"SubPath":"lib/font-awesome/js/fontawesome.min.js"},"Patterns":null},"regular.js":{"Children":null,"Asset":{"ContentRootIndex":0,"SubPath":"lib/font-awesome/js/regular.js"},"Patterns":null},"regular.min.js":{"Children":null,"Asset":{"ContentRootIndex":0,"SubPath":"lib/font-awesome/js/regular.min.js"},"Patterns":null},"solid.js":{"Children":null,"Asset":{"ContentRootIndex":0,"SubPath":"lib/font-awesome/js/solid.js"},"Patterns":null},"solid.min.js":{"Children":null,"Asset":{"ContentRootIndex":0,"SubPath":"lib/font-awesome/js/solid.min.js"},"Patterns":null},"v4-shims.js":{"Children":null,"Asset":{"ContentRootIndex":0,"SubPath":"lib/font-awesome/js/v4-shims.js"},"Patterns":null},"v4-shims.min.js":{"Children":null,"Asset":{"ContentRootIndex":0,"SubPath":"lib/font-awesome/js/v4-shims.min.js"},"Patterns":null}},"Asset":null,"Patterns":null},"sprites":{"Children":{"brands.svg":{"Children":null,"Asset":{"ContentRootIndex":0,"SubPath":"lib/font-awesome/sprites/brands.svg"},"Patterns":null},"regular.svg":{"Children":null,"Asset":{"ContentRootIndex":0,"SubPath":"lib/font-awesome/sprites/regular.svg"},"Patterns":null},"solid.svg":{"Children":null,"Asset":{"ContentRootIndex":0,"SubPath":"lib/font-awesome/sprites/solid.svg"},"Patterns":null}},"Asset":null,"Patterns":null},"webfonts":{"Children":{"fa-brands-400.eot":{"Children":null,"Asset":{"ContentRootIndex":0,"SubPath":"lib/font-awesome/webfonts/fa-brands-400.eot"},"Patterns":null},"fa-brands-400.svg":{"Children":null,"Asset":{"ContentRootIndex":0,"SubPath":"lib/font-awesome/webfonts/fa-brands-400.svg"},"Patterns":null},"fa-brands-400.ttf":{"Children":null,"Asset":{"ContentRootIndex":0,"SubPath":"lib/font-awesome/webfonts/fa-brands-400.ttf"},"Patterns":null},"fa-brands-400.woff":{"Children":null,"Asset":{"ContentRootIndex":0,"SubPath":"lib/font-awesome/webfonts/fa-brands-400.woff"},"Patterns":null},"fa-brands-400.woff2":{"Children":null,"Asset":{"ContentRootIndex":0,"SubPath":"lib/font-awesome/webfonts/fa-brands-400.woff2"},"Patterns":null},"fa-regular-400.eot":{"Children":null,"Asset":{"ContentRootIndex":0,"SubPath":"lib/font-awesome/webfonts/fa-regular-400.eot"},"Patterns":null},"fa-regular-400.svg":{"Children":null,"Asset":{"ContentRootIndex":0,"SubPath":"lib/font-awesome/webfonts/fa-regular-400.svg"},"Patterns":null},"fa-regular-400.ttf":{"Children":null,"Asset":{"ContentRootIndex":0,"SubPath":"lib/font-awesome/webfonts/fa-regular-400.ttf"},"Patterns":null},"fa-regular-400.woff":{"Children":null,"Asset":{"ContentRootIndex":0,"SubPath":"lib/font-awesome/webfonts/fa-regular-400.woff"},"Patterns":null},"fa-regular-400.woff2":{"Children":null,"Asset":{"ContentRootIndex":0,"SubPath":"lib/font-awesome/webfonts/fa-regular-400.woff2"},"Patterns":null},"fa-solid-900.eot":{"Children":null,"Asset":{"ContentRootIndex":0,"SubPath":"lib/font-awesome/webfonts/fa-solid-900.eot"},"Patterns":null},"fa-solid-900.svg":{"Children":null,"Asset":{"ContentRootIndex":0,"SubPath":"lib/font-awesome/webfonts/fa-solid-900.svg"},"Patterns":null},"fa-solid-900.ttf":{"Children":null,"Asset":{"ContentRootIndex":0,"SubPath":"lib/font-awesome/webfonts/fa-solid-900.ttf"},"Patterns":null},"fa-solid-900.woff":{"Children":null,"Asset":{"ContentRootIndex":0,"SubPath":"lib/font-awesome/webfonts/fa-solid-900.woff"},"Patterns":null},"fa-solid-900.woff2":{"Children":null,"Asset":{"ContentRootIndex":0,"SubPath":"lib/font-awesome/webfonts/fa-solid-900.woff2"},"Patterns":null}},"Asset":null,"Patterns":null}},"Asset":null,"Patterns":null},"jquery-validation-unobtrusive":{"Children":{"jquery.validate.unobtrusive.js":{"Children":null,"Asset":{"ContentRootIndex":0,"SubPath":"lib/jquery-validation-unobtrusive/jquery.validate.unobtrusive.js"},"Patterns":null},"jquery.validate.unobtrusive.min.js":{"Children":null,"Asset":{"ContentRootIndex":0,"SubPath":"lib/jquery-validation-unobtrusive/jquery.validate.unobtrusive.min.js"},"Patterns":null},"LICENSE.txt":{"Children":null,"Asset":{"ContentRootIndex":0,"SubPath":"lib/jquery-validation-unobtrusive/LICENSE.txt"},"Patterns":null}},"Asset":null,"Patterns":null},"jquery-validation":{"Children":{"dist":{"Children":{"additional-methods.js":{"Children":null,"Asset":{"ContentRootIndex":0,"SubPath":"lib/jquery-validation/dist/additional-methods.js"},"Patterns":null},"additional-methods.min.js":{"Children":null,"Asset":{"ContentRootIndex":0,"SubPath":"lib/jquery-validation/dist/additional-methods.min.js"},"Patterns":null},"jquery.validate.js":{"Children":null,"Asset":{"ContentRootIndex":0,"SubPath":"lib/jquery-validation/dist/jquery.validate.js"},"Patterns":null},"jquery.validate.min.js":{"Children":null,"Asset":{"ContentRootIndex":0,"SubPath":"lib/jquery-validation/dist/jquery.validate.min.js"},"Patterns":null}},"Asset":null,"Patterns":null},"LICENSE.md":{"Children":null,"Asset":{"ContentRootIndex":0,"SubPath":"lib/jquery-validation/LICENSE.md"},"Patterns":null}},"Asset":null,"Patterns":null},"jquery":{"Children":{"dist":{"Children":{"jquery.js":{"Children":null,"Asset":{"ContentRootIndex":0,"SubPath":"lib/jquery/dist/jquery.js"},"Patterns":null},"jquery.min.js":{"Children":null,"Asset":{"ContentRootIndex":0,"SubPath":"lib/jquery/dist/jquery.min.js"},"Patterns":null},"jquery.min.map":{"Children":null,"Asset":{"ContentRootIndex":0,"SubPath":"lib/jquery/dist/jquery.min.map"},"Patterns":null}},"Asset":null,"Patterns":null},"LICENSE.txt":{"Children":null,"Asset":{"ContentRootIndex":0,"SubPath":"lib/jquery/LICENSE.txt"},"Patterns":null}},"Asset":null,"Patterns":null}},"Asset":null,"Patterns":null},"SportsStore.Web.styles.css":{"Children":null,"Asset":{"ContentRootIndex":1,"SubPath":"SportsStore.Web.styles.css"},"Patterns":null}},"Asset":null,"Patterns":[{"ContentRootIndex":0,"Pattern":"**","Depth":0}]}}